{
  "model_type": "mlp_improved",
  "best_experiment": "reg",
  "experiments": {
    "poly": {
      "test_r2": 0.15295087478883607,
      "test_rmse": 0.267729675805201
    },
    "reg": {
      "test_r2": 0.245551685963329,
      "test_rmse": 0.25267190759083624
    },
    "select": {
      "test_r2": 0.2450719266846666,
      "test_rmse": 0.25275223279307385
    },
    "ensemble": {
      "test_r2": 0.2448696194057124,
      "test_rmse": 0.2527860970730017
    },
    "combined": {
      "test_r2": 0.2269577543180098,
      "test_rmse": 0.25576659809534763
    }
  },
  "cv_metrics": {
    "r2_mean": 0.2779999057013166,
    "r2_std": 0.041680298944795253,
    "r2_per_fold": [
      0.2944405563986475,
      0.25070074142332277,
      0.3520675306132468,
      0.2560645872669832,
      0.23672611280438294
    ],
    "rmse_mean": 0.23600784018081486,
    "rmse_std": 0.009307076552274952
  },
  "calibration": {
    "very_low": {
      "actual_recall": 0.32142857142857145,
      "count": 56
    },
    "low": {
      "actual_recall": 0.6604938271604939,
      "count": 162
    },
    "medium": {
      "actual_recall": 0.8588235294117647,
      "count": 170
    },
    "high": {
      "actual_recall": 0.9901079136690647,
      "count": 1112
    }
  },
  "best_config": {
    "hidden": [
      32
    ],
    "alpha": 1.0
  },
  "best_k": 12
}