{
  "model_type": "linear",
  "best_model": "ridge",
  "experiments": {
    "ridge": {
      "test_r2": 0.20708831348207024,
      "test_rmse": 0.2590327178931597
    },
    "lasso": {
      "test_r2": 0.20636769123237697,
      "test_rmse": 0.2591503995660996
    },
    "elasticnet": {
      "test_r2": 0.19291486580816608,
      "test_rmse": 0.26133759312015065
    },
    "poly_ridge": {
      "test_r2": 0.19550821133811924,
      "test_rmse": 0.2609173871479222
    }
  },
  "cv_metrics": {
    "r2_mean": 0.23586649572881574,
    "r2_std": 0.05595464960693608,
    "r2_per_fold": [
      0.26125742218131176,
      0.21594991825608634,
      0.3212499118739359,
      0.23040854238046715,
      0.15046668395227758
    ],
    "rmse_mean": 0.2426198341591382,
    "rmse_std": 0.007975524488310943
  },
  "calibration": {
    "very_low": {
      "actual_recall": 0.34375,
      "count": 32
    },
    "low": {
      "actual_recall": 0.6178861788617886,
      "count": 123
    },
    "medium": {
      "actual_recall": 0.8601583113456465,
      "count": 379
    },
    "high": {
      "actual_recall": 0.9927536231884058,
      "count": 966
    }
  },
  "coefficients": {
    "sim_slope": -0.38213351283444796,
    "sim_std_top10": -0.287508732818272,
    "exp_decay_rate": 0.17918736802066257,
    "percentile_99": -0.17583391015694688,
    "skewness_top50": 0.11763997533003784,
    "top1_margin_over_tau": 0.09643532457196075,
    "top1_vs_top10_gap": -0.06192895293408044,
    "n_above_08": -0.044435136839461126,
    "n_above_07": -0.03352324319651763,
    "top1_minus_p99": 0.0321191132852444,
    "top5_concentration": -0.025095549184002384,
    "bimodal_gap": 0.013416174463985242,
    "n_above_tau": 0.013002829946842048,
    "max_second_deriv": 0.0013515122780261742
  },
  "feature_names": [
    "top1_minus_p99",
    "top1_vs_top10_gap",
    "sim_std_top10",
    "sim_slope",
    "bimodal_gap",
    "exp_decay_rate",
    "n_above_08",
    "n_above_07",
    "top5_concentration",
    "percentile_99",
    "skewness_top50",
    "max_second_deriv",
    "n_above_tau",
    "top1_margin_over_tau"
  ]
}